app_name,status,source,output,seconds,detail,command
machsuite-gemm-blocked,generated,/home/elvouvali/MailoHLS/Data/ApplicationDataset/machsuite-gemm-blocked/gemm.c,/home/elvouvali/MailoHLS/GNN_branch/MLIR_graphs/machsuite-gemm-blocked.gexf,1.321,"67 nodes, 239 edges, 5 actions",/home/elvouvali/.mlir-python311/bin/python /home/elvouvali/MailoHLS/GNN_branch/mlir_graph_gen.py /home/elvouvali/MailoHLS/Data/ApplicationDataset/machsuite-gemm-blocked/gemm.c --output /home/elvouvali/MailoHLS/GNN_branch/MLIR_graphs/.machsuite-gemm-blocked.gexf.tmp --cgeist /home/elvouvali/tools/Polygeist/build-mailohls-assertions/bin/cgeist --mlir-output /home/elvouvali/MailoHLS/GNN_branch/MLIR_graphs/audit_mlir/.machsuite-gemm-blocked.mlir.tmp
machsuite-gemm-ncubed,generated,/home/elvouvali/MailoHLS/Data/ApplicationDataset/machsuite-gemm-ncubed/gemm.c,/home/elvouvali/MailoHLS/GNN_branch/MLIR_graphs/machsuite-gemm-ncubed.gexf,1.200,"56 nodes, 193 edges, 3 actions",/home/elvouvali/.mlir-python311/bin/python /home/elvouvali/MailoHLS/GNN_branch/mlir_graph_gen.py /home/elvouvali/MailoHLS/Data/ApplicationDataset/machsuite-gemm-ncubed/gemm.c --output /home/elvouvali/MailoHLS/GNN_branch/MLIR_graphs/.machsuite-gemm-ncubed.gexf.tmp --cgeist /home/elvouvali/tools/Polygeist/build-mailohls-assertions/bin/cgeist --mlir-output /home/elvouvali/MailoHLS/GNN_branch/MLIR_graphs/audit_mlir/.machsuite-gemm-ncubed.mlir.tmp
machsuite-md-knn,generated,/home/elvouvali/MailoHLS/Data/ApplicationDataset/machsuite-md-knn/md.c,/home/elvouvali/MailoHLS/GNN_branch/MLIR_graphs/machsuite-md-knn.gexf,1.248,"138 nodes, 507 edges, 2 actions",/home/elvouvali/.mlir-python311/bin/python /home/elvouvali/MailoHLS/GNN_branch/mlir_graph_gen.py /home/elvouvali/MailoHLS/Data/ApplicationDataset/machsuite-md-knn/md.c --output /home/elvouvali/MailoHLS/GNN_branch/MLIR_graphs/.machsuite-md-knn.gexf.tmp --cgeist /home/elvouvali/tools/Polygeist/build-mailohls-assertions/bin/cgeist --mlir-output /home/elvouvali/MailoHLS/GNN_branch/MLIR_graphs/audit_mlir/.machsuite-md-knn.mlir.tmp
machsuite-sort-radix,generated,/home/elvouvali/MailoHLS/Data/ApplicationDataset/machsuite-sort-radix/sort.c,/home/elvouvali/MailoHLS/GNN_branch/MLIR_graphs/machsuite-sort-radix.gexf,1.449,"311 nodes, 1191 edges, 11 actions",/home/elvouvali/.mlir-python311/bin/python /home/elvouvali/MailoHLS/GNN_branch/mlir_graph_gen.py /home/elvouvali/MailoHLS/Data/ApplicationDataset/machsuite-sort-radix/sort.c --output /home/elvouvali/MailoHLS/GNN_branch/MLIR_graphs/.machsuite-sort-radix.gexf.tmp --cgeist /home/elvouvali/tools/Polygeist/build-mailohls-assertions/bin/cgeist --mlir-output /home/elvouvali/MailoHLS/GNN_branch/MLIR_graphs/audit_mlir/.machsuite-sort-radix.mlir.tmp
machsuite-spmv-ellpack,generated,/home/elvouvali/MailoHLS/Data/ApplicationDataset/machsuite-spmv-ellpack/spmv.c,/home/elvouvali/MailoHLS/GNN_branch/MLIR_graphs/machsuite-spmv-ellpack.gexf,1.123,"58 nodes, 204 edges, 2 actions",/home/elvouvali/.mlir-python311/bin/python /home/elvouvali/MailoHLS/GNN_branch/mlir_graph_gen.py /home/elvouvali/MailoHLS/Data/ApplicationDataset/machsuite-spmv-ellpack/spmv.c --output /home/elvouvali/MailoHLS/GNN_branch/MLIR_graphs/.machsuite-spmv-ellpack.gexf.tmp --cgeist /home/elvouvali/tools/Polygeist/build-mailohls-assertions/bin/cgeist --mlir-output /home/elvouvali/MailoHLS/GNN_branch/MLIR_graphs/audit_mlir/.machsuite-spmv-ellpack.mlir.tmp
machsuite-stencil2d,generated,/home/elvouvali/MailoHLS/Data/ApplicationDataset/machsuite-stencil2d/stencil.c,/home/elvouvali/MailoHLS/GNN_branch/MLIR_graphs/machsuite-stencil2d.gexf,1.141,"65 nodes, 229 edges, 4 actions",/home/elvouvali/.mlir-python311/bin/python /home/elvouvali/MailoHLS/GNN_branch/mlir_graph_gen.py /home/elvouvali/MailoHLS/Data/ApplicationDataset/machsuite-stencil2d/stencil.c --output /home/elvouvali/MailoHLS/GNN_branch/MLIR_graphs/.machsuite-stencil2d.gexf.tmp --cgeist /home/elvouvali/tools/Polygeist/build-mailohls-assertions/bin/cgeist --mlir-output /home/elvouvali/MailoHLS/GNN_branch/MLIR_graphs/audit_mlir/.machsuite-stencil2d.mlir.tmp
machsuite-stencil3d,generated,/home/elvouvali/MailoHLS/Data/ApplicationDataset/machsuite-stencil3d/stencil.c,/home/elvouvali/MailoHLS/GNN_branch/MLIR_graphs/machsuite-stencil3d.gexf,1.286,"137 nodes, 567 edges, 9 actions",/home/elvouvali/.mlir-python311/bin/python /home/elvouvali/MailoHLS/GNN_branch/mlir_graph_gen.py /home/elvouvali/MailoHLS/Data/ApplicationDataset/machsuite-stencil3d/stencil.c --output /home/elvouvali/MailoHLS/GNN_branch/MLIR_graphs/.machsuite-stencil3d.gexf.tmp --cgeist /home/elvouvali/tools/Polygeist/build-mailohls-assertions/bin/cgeist --mlir-output /home/elvouvali/MailoHLS/GNN_branch/MLIR_graphs/audit_mlir/.machsuite-stencil3d.mlir.tmp
machsuite-viterbi,generated,/home/elvouvali/MailoHLS/Data/ApplicationDataset/machsuite-viterbi/viterbi.c,/home/elvouvali/MailoHLS/GNN_branch/MLIR_graphs/machsuite-viterbi.gexf,1.514,"251 nodes, 983 edges, 8 actions",/home/elvouvali/.mlir-python311/bin/python /home/elvouvali/MailoHLS/GNN_branch/mlir_graph_gen.py /home/elvouvali/MailoHLS/Data/ApplicationDataset/machsuite-viterbi/viterbi.c --output /home/elvouvali/MailoHLS/GNN_branch/MLIR_graphs/.machsuite-viterbi.gexf.tmp --cgeist /home/elvouvali/tools/Polygeist/build-mailohls-assertions/bin/cgeist --mlir-output /home/elvouvali/MailoHLS/GNN_branch/MLIR_graphs/audit_mlir/.machsuite-viterbi.mlir.tmp
rodinia-backprop-0-baseline-back,generated,/home/elvouvali/MailoHLS/Data/ApplicationDataset/rodinia-backprop-0-baseline-back/backprop_kernel.cpp,/home/elvouvali/MailoHLS/GNN_branch/MLIR_graphs/rodinia-backprop-0-baseline-back.gexf,1.425,"76 nodes, 276 edges, 2 actions",/home/elvouvali/.mlir-python311/bin/python /home/elvouvali/MailoHLS/GNN_branch/mlir_graph_gen.py /home/elvouvali/MailoHLS/Data/ApplicationDataset/rodinia-backprop-0-baseline-back/backprop_kernel.cpp --output /home/elvouvali/MailoHLS/GNN_branch/MLIR_graphs/.rodinia-backprop-0-baseline-back.gexf.tmp --cgeist /home/elvouvali/tools/Polygeist/build-mailohls-assertions/bin/cgeist --mlir-output /home/elvouvali/MailoHLS/GNN_branch/MLIR_graphs/audit_mlir/.rodinia-backprop-0-baseline-back.mlir.tmp
rodinia-backprop-0-baseline-forward,generated,/home/elvouvali/MailoHLS/Data/ApplicationDataset/rodinia-backprop-0-baseline-forward/backprop_kernel.cpp,/home/elvouvali/MailoHLS/GNN_branch/MLIR_graphs/rodinia-backprop-0-baseline-forward.gexf,1.482,"209 nodes, 748 edges, 6 actions",/home/elvouvali/.mlir-python311/bin/python /home/elvouvali/MailoHLS/GNN_branch/mlir_graph_gen.py /home/elvouvali/MailoHLS/Data/ApplicationDataset/rodinia-backprop-0-baseline-forward/backprop_kernel.cpp --output /home/elvouvali/MailoHLS/GNN_branch/MLIR_graphs/.rodinia-backprop-0-baseline-forward.gexf.tmp --cgeist /home/elvouvali/tools/Polygeist/build-mailohls-assertions/bin/cgeist --mlir-output /home/elvouvali/MailoHLS/GNN_branch/MLIR_graphs/audit_mlir/.rodinia-backprop-0-baseline-forward.mlir.tmp
rodinia-backprop-1-tiling-back,generated,/home/elvouvali/MailoHLS/Data/ApplicationDataset/rodinia-backprop-1-tiling-back/backprop_kernel.cpp,/home/elvouvali/MailoHLS/GNN_branch/MLIR_graphs/rodinia-backprop-1-tiling-back.gexf,1.734,"409 nodes, 1512 edges, 10 actions",/home/elvouvali/.mlir-python311/bin/python /home/elvouvali/MailoHLS/GNN_branch/mlir_graph_gen.py /home/elvouvali/MailoHLS/Data/ApplicationDataset/rodinia-backprop-1-tiling-back/backprop_kernel.cpp --output /home/elvouvali/MailoHLS/GNN_branch/MLIR_graphs/.rodinia-backprop-1-tiling-back.gexf.tmp --cgeist /home/elvouvali/tools/Polygeist/build-mailohls-assertions/bin/cgeist --mlir-output /home/elvouvali/MailoHLS/GNN_branch/MLIR_graphs/audit_mlir/.rodinia-backprop-1-tiling-back.mlir.tmp
rodinia-hotspot-0-baseline,generated,/home/elvouvali/MailoHLS/Data/ApplicationDataset/rodinia-hotspot-0-baseline/hotspot.cpp,/home/elvouvali/MailoHLS/GNN_branch/MLIR_graphs/rodinia-hotspot-0-baseline.gexf,2.639,"635 nodes, 2624 edges, 3 actions",/home/elvouvali/.mlir-python311/bin/python /home/elvouvali/MailoHLS/GNN_branch/mlir_graph_gen.py /home/elvouvali/MailoHLS/Data/ApplicationDataset/rodinia-hotspot-0-baseline/hotspot.cpp --output /home/elvouvali/MailoHLS/GNN_branch/MLIR_graphs/.rodinia-hotspot-0-baseline.gexf.tmp --cgeist /home/elvouvali/tools/Polygeist/build-mailohls-assertions/bin/cgeist --mlir-output /home/elvouvali/MailoHLS/GNN_branch/MLIR_graphs/audit_mlir/.rodinia-hotspot-0-baseline.mlir.tmp
rodinia-hotspot-1-tiling,generated,/home/elvouvali/MailoHLS/Data/ApplicationDataset/rodinia-hotspot-1-tiling/hotspot.cpp,/home/elvouvali/MailoHLS/GNN_branch/MLIR_graphs/rodinia-hotspot-1-tiling.gexf,2.055,"537 nodes, 2005 edges, 8 actions",/home/elvouvali/.mlir-python311/bin/python /home/elvouvali/MailoHLS/GNN_branch/mlir_graph_gen.py /home/elvouvali/MailoHLS/Data/ApplicationDataset/rodinia-hotspot-1-tiling/hotspot.cpp --output /home/elvouvali/MailoHLS/GNN_branch/MLIR_graphs/.rodinia-hotspot-1-tiling.gexf.tmp --cgeist /home/elvouvali/tools/Polygeist/build-mailohls-assertions/bin/cgeist --mlir-output /home/elvouvali/MailoHLS/GNN_branch/MLIR_graphs/audit_mlir/.rodinia-hotspot-1-tiling.mlir.tmp
rodinia-hotspot-2-pipeline,generated,/home/elvouvali/MailoHLS/Data/ApplicationDataset/rodinia-hotspot-2-pipeline/hotspot.cpp,/home/elvouvali/MailoHLS/GNN_branch/MLIR_graphs/rodinia-hotspot-2-pipeline.gexf,2.154,"704 nodes, 2660 edges, 19 actions",/home/elvouvali/.mlir-python311/bin/python /home/elvouvali/MailoHLS/GNN_branch/mlir_graph_gen.py /home/elvouvali/MailoHLS/Data/ApplicationDataset/rodinia-hotspot-2-pipeline/hotspot.cpp --output /home/elvouvali/MailoHLS/GNN_branch/MLIR_graphs/.rodinia-hotspot-2-pipeline.gexf.tmp --cgeist /home/elvouvali/tools/Polygeist/build-mailohls-assertions/bin/cgeist --mlir-output /home/elvouvali/MailoHLS/GNN_branch/MLIR_graphs/audit_mlir/.rodinia-hotspot-2-pipeline.mlir.tmp
rodinia-hotspot-3-unroll,generated,/home/elvouvali/MailoHLS/Data/ApplicationDataset/rodinia-hotspot-3-unroll/hotspot.cpp,/home/elvouvali/MailoHLS/GNN_branch/MLIR_graphs/rodinia-hotspot-3-unroll.gexf,2.278,"704 nodes, 2660 edges, 19 actions",/home/elvouvali/.mlir-python311/bin/python /home/elvouvali/MailoHLS/GNN_branch/mlir_graph_gen.py /home/elvouvali/MailoHLS/Data/ApplicationDataset/rodinia-hotspot-3-unroll/hotspot.cpp --output /home/elvouvali/MailoHLS/GNN_branch/MLIR_graphs/.rodinia-hotspot-3-unroll.gexf.tmp --cgeist /home/elvouvali/tools/Polygeist/build-mailohls-assertions/bin/cgeist --mlir-output /home/elvouvali/MailoHLS/GNN_branch/MLIR_graphs/audit_mlir/.rodinia-hotspot-3-unroll.mlir.tmp
rodinia-kmeans-0-baseline,generated,/home/elvouvali/MailoHLS/Data/ApplicationDataset/rodinia-kmeans-0-baseline/kmeans.cpp,/home/elvouvali/MailoHLS/GNN_branch/MLIR_graphs/rodinia-kmeans-0-baseline.gexf,1.486,"73 nodes, 262 edges, 3 actions",/home/elvouvali/.mlir-python311/bin/python /home/elvouvali/MailoHLS/GNN_branch/mlir_graph_gen.py /home/elvouvali/MailoHLS/Data/ApplicationDataset/rodinia-kmeans-0-baseline/kmeans.cpp --output /home/elvouvali/MailoHLS/GNN_branch/MLIR_graphs/.rodinia-kmeans-0-baseline.gexf.tmp --cgeist /home/elvouvali/tools/Polygeist/build-mailohls-assertions/bin/cgeist --mlir-output /home/elvouvali/MailoHLS/GNN_branch/MLIR_graphs/audit_mlir/.rodinia-kmeans-0-baseline.mlir.tmp
rodinia-kmeans-1-tiling,generated,/home/elvouvali/MailoHLS/Data/ApplicationDataset/rodinia-kmeans-1-tiling/kmeans.cpp,/home/elvouvali/MailoHLS/GNN_branch/MLIR_graphs/rodinia-kmeans-1-tiling.gexf,1.530,"250 nodes, 920 edges, 12 actions",/home/elvouvali/.mlir-python311/bin/python /home/elvouvali/MailoHLS/GNN_branch/mlir_graph_gen.py /home/elvouvali/MailoHLS/Data/ApplicationDataset/rodinia-kmeans-1-tiling/kmeans.cpp --output /home/elvouvali/MailoHLS/GNN_branch/MLIR_graphs/.rodinia-kmeans-1-tiling.gexf.tmp --cgeist /home/elvouvali/tools/Polygeist/build-mailohls-assertions/bin/cgeist --mlir-output /home/elvouvali/MailoHLS/GNN_branch/MLIR_graphs/audit_mlir/.rodinia-kmeans-1-tiling.mlir.tmp
rodinia-kmeans-2-pipeline,generated,/home/elvouvali/MailoHLS/Data/ApplicationDataset/rodinia-kmeans-2-pipeline/kmeans.cpp,/home/elvouvali/MailoHLS/GNN_branch/MLIR_graphs/rodinia-kmeans-2-pipeline.gexf,1.542,"250 nodes, 920 edges, 12 actions",/home/elvouvali/.mlir-python311/bin/python /home/elvouvali/MailoHLS/GNN_branch/mlir_graph_gen.py /home/elvouvali/MailoHLS/Data/ApplicationDataset/rodinia-kmeans-2-pipeline/kmeans.cpp --output /home/elvouvali/MailoHLS/GNN_branch/MLIR_graphs/.rodinia-kmeans-2-pipeline.gexf.tmp --cgeist /home/elvouvali/tools/Polygeist/build-mailohls-assertions/bin/cgeist --mlir-output /home/elvouvali/MailoHLS/GNN_branch/MLIR_graphs/audit_mlir/.rodinia-kmeans-2-pipeline.mlir.tmp
rodinia-kmeans-3-unroll,generated,/home/elvouvali/MailoHLS/Data/ApplicationDataset/rodinia-kmeans-3-unroll/kmeans.cpp,/home/elvouvali/MailoHLS/GNN_branch/MLIR_graphs/rodinia-kmeans-3-unroll.gexf,1.519,"250 nodes, 920 edges, 12 actions",/home/elvouvali/.mlir-python311/bin/python /home/elvouvali/MailoHLS/GNN_branch/mlir_graph_gen.py /home/elvouvali/MailoHLS/Data/ApplicationDataset/rodinia-kmeans-3-unroll/kmeans.cpp --output /home/elvouvali/MailoHLS/GNN_branch/MLIR_graphs/.rodinia-kmeans-3-unroll.gexf.tmp --cgeist /home/elvouvali/tools/Polygeist/build-mailohls-assertions/bin/cgeist --mlir-output /home/elvouvali/MailoHLS/GNN_branch/MLIR_graphs/audit_mlir/.rodinia-kmeans-3-unroll.mlir.tmp
rodinia-knn-0-baseline,generated,/home/elvouvali/MailoHLS/Data/ApplicationDataset/rodinia-knn-0-baseline/knn.cpp,/home/elvouvali/MailoHLS/GNN_branch/MLIR_graphs/rodinia-knn-0-baseline.gexf,1.179,"51 nodes, 175 edges, 2 actions",/home/elvouvali/.mlir-python311/bin/python /home/elvouvali/MailoHLS/GNN_branch/mlir_graph_gen.py /home/elvouvali/MailoHLS/Data/ApplicationDataset/rodinia-knn-0-baseline/knn.cpp --output /home/elvouvali/MailoHLS/GNN_branch/MLIR_graphs/.rodinia-knn-0-baseline.gexf.tmp --cgeist /home/elvouvali/tools/Polygeist/build-mailohls-assertions/bin/cgeist --mlir-output /home/elvouvali/MailoHLS/GNN_branch/MLIR_graphs/audit_mlir/.rodinia-knn-0-baseline.mlir.tmp
rodinia-knn-1-tiling,generated,/home/elvouvali/MailoHLS/Data/ApplicationDataset/rodinia-knn-1-tiling/knn.cpp,/home/elvouvali/MailoHLS/GNN_branch/MLIR_graphs/rodinia-knn-1-tiling.gexf,1.352,"200 nodes, 735 edges, 9 actions",/home/elvouvali/.mlir-python311/bin/python /home/elvouvali/MailoHLS/GNN_branch/mlir_graph_gen.py /home/elvouvali/MailoHLS/Data/ApplicationDataset/rodinia-knn-1-tiling/knn.cpp --output /home/elvouvali/MailoHLS/GNN_branch/MLIR_graphs/.rodinia-knn-1-tiling.gexf.tmp --cgeist /home/elvouvali/tools/Polygeist/build-mailohls-assertions/bin/cgeist --mlir-output /home/elvouvali/MailoHLS/GNN_branch/MLIR_graphs/audit_mlir/.rodinia-knn-1-tiling.mlir.tmp
rodinia-knn-2-pipeline,generated,/home/elvouvali/MailoHLS/Data/ApplicationDataset/rodinia-knn-2-pipeline/knn.cpp,/home/elvouvali/MailoHLS/GNN_branch/MLIR_graphs/rodinia-knn-2-pipeline.gexf,1.324,"200 nodes, 735 edges, 9 actions",/home/elvouvali/.mlir-python311/bin/python /home/elvouvali/MailoHLS/GNN_branch/mlir_graph_gen.py /home/elvouvali/MailoHLS/Data/ApplicationDataset/rodinia-knn-2-pipeline/knn.cpp --output /home/elvouvali/MailoHLS/GNN_branch/MLIR_graphs/.rodinia-knn-2-pipeline.gexf.tmp --cgeist /home/elvouvali/tools/Polygeist/build-mailohls-assertions/bin/cgeist --mlir-output /home/elvouvali/MailoHLS/GNN_branch/MLIR_graphs/audit_mlir/.rodinia-knn-2-pipeline.mlir.tmp
rodinia-knn-3-unroll,generated,/home/elvouvali/MailoHLS/Data/ApplicationDataset/rodinia-knn-3-unroll/knn.cpp,/home/elvouvali/MailoHLS/GNN_branch/MLIR_graphs/rodinia-knn-3-unroll.gexf,1.398,"207 nodes, 761 edges, 10 actions",/home/elvouvali/.mlir-python311/bin/python /home/elvouvali/MailoHLS/GNN_branch/mlir_graph_gen.py /home/elvouvali/MailoHLS/Data/ApplicationDataset/rodinia-knn-3-unroll/knn.cpp --output /home/elvouvali/MailoHLS/GNN_branch/MLIR_graphs/.rodinia-knn-3-unroll.gexf.tmp --cgeist /home/elvouvali/tools/Polygeist/build-mailohls-assertions/bin/cgeist --mlir-output /home/elvouvali/MailoHLS/GNN_branch/MLIR_graphs/audit_mlir/.rodinia-knn-3-unroll.mlir.tmp
rodinia-knn-4-doublebuffer,generated,/home/elvouvali/MailoHLS/Data/ApplicationDataset/rodinia-knn-4-doublebuffer/knn.cpp,/home/elvouvali/MailoHLS/GNN_branch/MLIR_graphs/rodinia-knn-4-doublebuffer.gexf,1.588,"357 nodes, 1353 edges, 12 actions",/home/elvouvali/.mlir-python311/bin/python /home/elvouvali/MailoHLS/GNN_branch/mlir_graph_gen.py /home/elvouvali/MailoHLS/Data/ApplicationDataset/rodinia-knn-4-doublebuffer/knn.cpp --output /home/elvouvali/MailoHLS/GNN_branch/MLIR_graphs/.rodinia-knn-4-doublebuffer.gexf.tmp --cgeist /home/elvouvali/tools/Polygeist/build-mailohls-assertions/bin/cgeist --mlir-output /home/elvouvali/MailoHLS/GNN_branch/MLIR_graphs/audit_mlir/.rodinia-knn-4-doublebuffer.mlir.tmp
rodinia-knn-5-coalescing,generated,/home/elvouvali/MailoHLS/Data/ApplicationDataset/rodinia-knn-5-coalescing/knn.cpp,/home/elvouvali/MailoHLS/GNN_branch/MLIR_graphs/rodinia-knn-5-coalescing.gexf,1.540,"394 nodes, 1499 edges, 13 actions",/home/elvouvali/.mlir-python311/bin/python /home/elvouvali/MailoHLS/GNN_branch/mlir_graph_gen.py /home/elvouvali/MailoHLS/Data/ApplicationDataset/rodinia-knn-5-coalescing/knn.cpp --output /home/elvouvali/MailoHLS/GNN_branch/MLIR_graphs/.rodinia-knn-5-coalescing.gexf.tmp --cgeist /home/elvouvali/tools/Polygeist/build-mailohls-assertions/bin/cgeist --mlir-output /home/elvouvali/MailoHLS/GNN_branch/MLIR_graphs/audit_mlir/.rodinia-knn-5-coalescing.mlir.tmp
rodinia_cfd_flux_0_baseline_0,generated,/home/elvouvali/MailoHLS/Data/ApplicationDataset/rodinia_cfd_flux_0_baseline_0/cfd_flux.cpp,/home/elvouvali/MailoHLS/GNN_branch/MLIR_graphs/rodinia_cfd_flux_0_baseline_0.gexf,3.855,"970 nodes, 3947 edges, 2 actions",/home/elvouvali/.mlir-python311/bin/python /home/elvouvali/MailoHLS/GNN_branch/mlir_graph_gen.py /home/elvouvali/MailoHLS/Data/ApplicationDataset/rodinia_cfd_flux_0_baseline_0/cfd_flux.cpp --output /home/elvouvali/MailoHLS/GNN_branch/MLIR_graphs/.rodinia_cfd_flux_0_baseline_0.gexf.tmp --cgeist /home/elvouvali/tools/Polygeist/build-mailohls-assertions/bin/cgeist --mlir-output /home/elvouvali/MailoHLS/GNN_branch/MLIR_graphs/audit_mlir/.rodinia_cfd_flux_0_baseline_0.mlir.tmp
rodinia_cfd_step_factor_0_baseline_0,generated,/home/elvouvali/MailoHLS/Data/ApplicationDataset/rodinia_cfd_step_factor_0_baseline_0/cfd_step_factor.cpp,/home/elvouvali/MailoHLS/GNN_branch/MLIR_graphs/rodinia_cfd_step_factor_0_baseline_0.gexf,1.677,"294 nodes, 1129 edges, 1 actions",/home/elvouvali/.mlir-python311/bin/python /home/elvouvali/MailoHLS/GNN_branch/mlir_graph_gen.py /home/elvouvali/MailoHLS/Data/ApplicationDataset/rodinia_cfd_step_factor_0_baseline_0/cfd_step_factor.cpp --output /home/elvouvali/MailoHLS/GNN_branch/MLIR_graphs/.rodinia_cfd_step_factor_0_baseline_0.gexf.tmp --cgeist /home/elvouvali/tools/Polygeist/build-mailohls-assertions/bin/cgeist --mlir-output /home/elvouvali/MailoHLS/GNN_branch/MLIR_graphs/audit_mlir/.rodinia_cfd_step_factor_0_baseline_0.mlir.tmp
rodinia_cfd_step_factor_1_tiling_0,generated,/home/elvouvali/MailoHLS/Data/ApplicationDataset/rodinia_cfd_step_factor_1_tiling_0/cfd_step_factor.cpp,/home/elvouvali/MailoHLS/GNN_branch/MLIR_graphs/rodinia_cfd_step_factor_1_tiling_0.gexf,1.765,"397 nodes, 1516 edges, 4 actions",/home/elvouvali/.mlir-python311/bin/python /home/elvouvali/MailoHLS/GNN_branch/mlir_graph_gen.py /home/elvouvali/MailoHLS/Data/ApplicationDataset/rodinia_cfd_step_factor_1_tiling_0/cfd_step_factor.cpp --output /home/elvouvali/MailoHLS/GNN_branch/MLIR_graphs/.rodinia_cfd_step_factor_1_tiling_0.gexf.tmp --cgeist /home/elvouvali/tools/Polygeist/build-mailohls-assertions/bin/cgeist --mlir-output /home/elvouvali/MailoHLS/GNN_branch/MLIR_graphs/audit_mlir/.rodinia_cfd_step_factor_1_tiling_0.mlir.tmp
rodinia_cfd_step_factor_2_pipeline_0,generated,/home/elvouvali/MailoHLS/Data/ApplicationDataset/rodinia_cfd_step_factor_2_pipeline_0/cfd_step_factor.cpp,/home/elvouvali/MailoHLS/GNN_branch/MLIR_graphs/rodinia_cfd_step_factor_2_pipeline_0.gexf,1.817,"404 nodes, 1535 edges, 7 actions",/home/elvouvali/.mlir-python311/bin/python /home/elvouvali/MailoHLS/GNN_branch/mlir_graph_gen.py /home/elvouvali/MailoHLS/Data/ApplicationDataset/rodinia_cfd_step_factor_2_pipeline_0/cfd_step_factor.cpp --output /home/elvouvali/MailoHLS/GNN_branch/MLIR_graphs/.rodinia_cfd_step_factor_2_pipeline_0.gexf.tmp --cgeist /home/elvouvali/tools/Polygeist/build-mailohls-assertions/bin/cgeist --mlir-output /home/elvouvali/MailoHLS/GNN_branch/MLIR_graphs/audit_mlir/.rodinia_cfd_step_factor_2_pipeline_0.mlir.tmp
rodinia_cfd_step_factor_3_unroll_0,generated,/home/elvouvali/MailoHLS/Data/ApplicationDataset/rodinia_cfd_step_factor_3_unroll_0/cfd_step_factor.cpp,/home/elvouvali/MailoHLS/GNN_branch/MLIR_graphs/rodinia_cfd_step_factor_3_unroll_0.gexf,2.580,"633 nodes, 3202 edges, 8 actions",/home/elvouvali/.mlir-python311/bin/python /home/elvouvali/MailoHLS/GNN_branch/mlir_graph_gen.py /home/elvouvali/MailoHLS/Data/ApplicationDataset/rodinia_cfd_step_factor_3_unroll_0/cfd_step_factor.cpp --output /home/elvouvali/MailoHLS/GNN_branch/MLIR_graphs/.rodinia_cfd_step_factor_3_unroll_0.gexf.tmp --cgeist /home/elvouvali/tools/Polygeist/build-mailohls-assertions/bin/cgeist --mlir-output /home/elvouvali/MailoHLS/GNN_branch/MLIR_graphs/audit_mlir/.rodinia_cfd_step_factor_3_unroll_0.mlir.tmp
rodinia_cfd_step_factor_4_doublebuffer_0,generated,/home/elvouvali/MailoHLS/Data/ApplicationDataset/rodinia_cfd_step_factor_4_doublebuffer_0/cfd_step_factor.cpp,/home/elvouvali/MailoHLS/GNN_branch/MLIR_graphs/rodinia_cfd_step_factor_4_doublebuffer_0.gexf,3.422,"1044 nodes, 5823 edges, 18 actions",/home/elvouvali/.mlir-python311/bin/python /home/elvouvali/MailoHLS/GNN_branch/mlir_graph_gen.py /home/elvouvali/MailoHLS/Data/ApplicationDataset/rodinia_cfd_step_factor_4_doublebuffer_0/cfd_step_factor.cpp --output /home/elvouvali/MailoHLS/GNN_branch/MLIR_graphs/.rodinia_cfd_step_factor_4_doublebuffer_0.gexf.tmp --cgeist /home/elvouvali/tools/Polygeist/build-mailohls-assertions/bin/cgeist --mlir-output /home/elvouvali/MailoHLS/GNN_branch/MLIR_graphs/audit_mlir/.rodinia_cfd_step_factor_4_doublebuffer_0.mlir.tmp
rodinia_cfd_step_factor_5_coalescing_0,generated,/home/elvouvali/MailoHLS/Data/ApplicationDataset/rodinia_cfd_step_factor_5_coalescing_0/cfd_step_factor.cpp,/home/elvouvali/MailoHLS/GNN_branch/MLIR_graphs/rodinia_cfd_step_factor_5_coalescing_0.gexf,3.229,"955 nodes, 5629 edges, 18 actions",/home/elvouvali/.mlir-python311/bin/python /home/elvouvali/MailoHLS/GNN_branch/mlir_graph_gen.py /home/elvouvali/MailoHLS/Data/ApplicationDataset/rodinia_cfd_step_factor_5_coalescing_0/cfd_step_factor.cpp --output /home/elvouvali/MailoHLS/GNN_branch/MLIR_graphs/.rodinia_cfd_step_factor_5_coalescing_0.gexf.tmp --cgeist /home/elvouvali/tools/Polygeist/build-mailohls-assertions/bin/cgeist --mlir-output /home/elvouvali/MailoHLS/GNN_branch/MLIR_graphs/audit_mlir/.rodinia_cfd_step_factor_5_coalescing_0.mlir.tmp
rodinia_dilate_0_baseline_0,generated,/home/elvouvali/MailoHLS/Data/ApplicationDataset/rodinia_dilate_0_baseline_0/dilate.cpp,/home/elvouvali/MailoHLS/GNN_branch/MLIR_graphs/rodinia_dilate_0_baseline_0.gexf,1.529,"118 nodes, 581 edges, 5 actions",/home/elvouvali/.mlir-python311/bin/python /home/elvouvali/MailoHLS/GNN_branch/mlir_graph_gen.py /home/elvouvali/MailoHLS/Data/ApplicationDataset/rodinia_dilate_0_baseline_0/dilate.cpp --output /home/elvouvali/MailoHLS/GNN_branch/MLIR_graphs/.rodinia_dilate_0_baseline_0.gexf.tmp --cgeist /home/elvouvali/tools/Polygeist/build-mailohls-assertions/bin/cgeist --mlir-output /home/elvouvali/MailoHLS/GNN_branch/MLIR_graphs/audit_mlir/.rodinia_dilate_0_baseline_0.mlir.tmp
rodinia_dilate_1_tiling_0,generated,/home/elvouvali/MailoHLS/Data/ApplicationDataset/rodinia_dilate_1_tiling_0/dilate.cpp,/home/elvouvali/MailoHLS/GNN_branch/MLIR_graphs/rodinia_dilate_1_tiling_0.gexf,1.650,"284 nodes, 1190 edges, 12 actions",/home/elvouvali/.mlir-python311/bin/python /home/elvouvali/MailoHLS/GNN_branch/mlir_graph_gen.py /home/elvouvali/MailoHLS/Data/ApplicationDataset/rodinia_dilate_1_tiling_0/dilate.cpp --output /home/elvouvali/MailoHLS/GNN_branch/MLIR_graphs/.rodinia_dilate_1_tiling_0.gexf.tmp --cgeist /home/elvouvali/tools/Polygeist/build-mailohls-assertions/bin/cgeist --mlir-output /home/elvouvali/MailoHLS/GNN_branch/MLIR_graphs/audit_mlir/.rodinia_dilate_1_tiling_0.mlir.tmp
rodinia_dilate_2_pipeline_0,generated,/home/elvouvali/MailoHLS/Data/ApplicationDataset/rodinia_dilate_2_pipeline_0/dilate.cpp,/home/elvouvali/MailoHLS/GNN_branch/MLIR_graphs/rodinia_dilate_2_pipeline_0.gexf,1.871,"404 nodes, 1670 edges, 20 actions",/home/elvouvali/.mlir-python311/bin/python /home/elvouvali/MailoHLS/GNN_branch/mlir_graph_gen.py /home/elvouvali/MailoHLS/Data/ApplicationDataset/rodinia_dilate_2_pipeline_0/dilate.cpp --output /home/elvouvali/MailoHLS/GNN_branch/MLIR_graphs/.rodinia_dilate_2_pipeline_0.gexf.tmp --cgeist /home/elvouvali/tools/Polygeist/build-mailohls-assertions/bin/cgeist --mlir-output /home/elvouvali/MailoHLS/GNN_branch/MLIR_graphs/audit_mlir/.rodinia_dilate_2_pipeline_0.mlir.tmp
rodinia_dilate_3_pipeline_0,generated,/home/elvouvali/MailoHLS/Data/ApplicationDataset/rodinia_dilate_3_pipeline_0/dilate.cpp,/home/elvouvali/MailoHLS/GNN_branch/MLIR_graphs/rodinia_dilate_3_pipeline_0.gexf,2.125,"554 nodes, 2351 edges, 35 actions",/home/elvouvali/.mlir-python311/bin/python /home/elvouvali/MailoHLS/GNN_branch/mlir_graph_gen.py /home/elvouvali/MailoHLS/Data/ApplicationDataset/rodinia_dilate_3_pipeline_0/dilate.cpp --output /home/elvouvali/MailoHLS/GNN_branch/MLIR_graphs/.rodinia_dilate_3_pipeline_0.gexf.tmp --cgeist /home/elvouvali/tools/Polygeist/build-mailohls-assertions/bin/cgeist --mlir-output /home/elvouvali/MailoHLS/GNN_branch/MLIR_graphs/audit_mlir/.rodinia_dilate_3_pipeline_0.mlir.tmp
rodinia_lavaMD_0_baseline,generated,/home/elvouvali/MailoHLS/Data/ApplicationDataset/rodinia_lavaMD_0_baseline/lavaMD.cpp,/home/elvouvali/MailoHLS/GNN_branch/MLIR_graphs/rodinia_lavaMD_0_baseline.gexf,2.123,"390 nodes, 2008 edges, 5 actions",/home/elvouvali/.mlir-python311/bin/python /home/elvouvali/MailoHLS/GNN_branch/mlir_graph_gen.py /home/elvouvali/MailoHLS/Data/ApplicationDataset/rodinia_lavaMD_0_baseline/lavaMD.cpp --output /home/elvouvali/MailoHLS/GNN_branch/MLIR_graphs/.rodinia_lavaMD_0_baseline.gexf.tmp --cgeist /home/elvouvali/tools/Polygeist/build-mailohls-assertions/bin/cgeist --mlir-output /home/elvouvali/MailoHLS/GNN_branch/MLIR_graphs/audit_mlir/.rodinia_lavaMD_0_baseline.mlir.tmp
rodinia_lavaMD_1_tiling_0,failed,/home/elvouvali/MailoHLS/Data/ApplicationDataset/rodinia_lavaMD_1_tiling_0/lavaMD.cpp,/home/elvouvali/MailoHLS/GNN_branch/MLIR_graphs/rodinia_lavaMD_1_tiling_0.gexf,1.683,exit=2; log=/home/elvouvali/MailoHLS/GNN_branch/MLIR_graphs/logs/rodinia_lavaMD_1_tiling_0.log,/home/elvouvali/.mlir-python311/bin/python /home/elvouvali/MailoHLS/GNN_branch/mlir_graph_gen.py /home/elvouvali/MailoHLS/Data/ApplicationDataset/rodinia_lavaMD_1_tiling_0/lavaMD.cpp --output /home/elvouvali/MailoHLS/GNN_branch/MLIR_graphs/.rodinia_lavaMD_1_tiling_0.gexf.tmp --cgeist /home/elvouvali/tools/Polygeist/build-mailohls-assertions/bin/cgeist --mlir-output /home/elvouvali/MailoHLS/GNN_branch/MLIR_graphs/audit_mlir/.rodinia_lavaMD_1_tiling_0.mlir.tmp
rodinia_lavaMD_1_tiling_1,failed,/home/elvouvali/MailoHLS/Data/ApplicationDataset/rodinia_lavaMD_1_tiling_1/lavaMD_flattenedArray.cpp,/home/elvouvali/MailoHLS/GNN_branch/MLIR_graphs/rodinia_lavaMD_1_tiling_1.gexf,1.420,exit=2; log=/home/elvouvali/MailoHLS/GNN_branch/MLIR_graphs/logs/rodinia_lavaMD_1_tiling_1.log,/home/elvouvali/.mlir-python311/bin/python /home/elvouvali/MailoHLS/GNN_branch/mlir_graph_gen.py /home/elvouvali/MailoHLS/Data/ApplicationDataset/rodinia_lavaMD_1_tiling_1/lavaMD_flattenedArray.cpp --output /home/elvouvali/MailoHLS/GNN_branch/MLIR_graphs/.rodinia_lavaMD_1_tiling_1.gexf.tmp --cgeist /home/elvouvali/tools/Polygeist/build-mailohls-assertions/bin/cgeist --mlir-output /home/elvouvali/MailoHLS/GNN_branch/MLIR_graphs/audit_mlir/.rodinia_lavaMD_1_tiling_1.mlir.tmp
rodinia_lavaMD_2_pipeline_0,failed,/home/elvouvali/MailoHLS/Data/ApplicationDataset/rodinia_lavaMD_2_pipeline_0/lavaMD.cpp,/home/elvouvali/MailoHLS/GNN_branch/MLIR_graphs/rodinia_lavaMD_2_pipeline_0.gexf,1.712,exit=2; log=/home/elvouvali/MailoHLS/GNN_branch/MLIR_graphs/logs/rodinia_lavaMD_2_pipeline_0.log,/home/elvouvali/.mlir-python311/bin/python /home/elvouvali/MailoHLS/GNN_branch/mlir_graph_gen.py /home/elvouvali/MailoHLS/Data/ApplicationDataset/rodinia_lavaMD_2_pipeline_0/lavaMD.cpp --output /home/elvouvali/MailoHLS/GNN_branch/MLIR_graphs/.rodinia_lavaMD_2_pipeline_0.gexf.tmp --cgeist /home/elvouvali/tools/Polygeist/build-mailohls-assertions/bin/cgeist --mlir-output /home/elvouvali/MailoHLS/GNN_branch/MLIR_graphs/audit_mlir/.rodinia_lavaMD_2_pipeline_0.mlir.tmp
rodinia_lc_gicov_0_baseline_0,generated,/home/elvouvali/MailoHLS/Data/ApplicationDataset/rodinia_lc_gicov_0_baseline_0/lc_gicov.cpp,/home/elvouvali/MailoHLS/GNN_branch/MLIR_graphs/rodinia_lc_gicov_0_baseline_0.gexf,1.828,"343 nodes, 1837 edges, 11 actions",/home/elvouvali/.mlir-python311/bin/python /home/elvouvali/MailoHLS/GNN_branch/mlir_graph_gen.py /home/elvouvali/MailoHLS/Data/ApplicationDataset/rodinia_lc_gicov_0_baseline_0/lc_gicov.cpp --output /home/elvouvali/MailoHLS/GNN_branch/MLIR_graphs/.rodinia_lc_gicov_0_baseline_0.gexf.tmp --cgeist /home/elvouvali/tools/Polygeist/build-mailohls-assertions/bin/cgeist --mlir-output /home/elvouvali/MailoHLS/GNN_branch/MLIR_graphs/audit_mlir/.rodinia_lc_gicov_0_baseline_0.mlir.tmp
rodinia_lc_mgvf_0_baseline_0,generated,/home/elvouvali/MailoHLS/Data/ApplicationDataset/rodinia_lc_mgvf_0_baseline_0/lc_mgvf.cpp,/home/elvouvali/MailoHLS/GNN_branch/MLIR_graphs/rodinia_lc_mgvf_0_baseline_0.gexf,1.848,"320 nodes, 1263 edges, 3 actions",/home/elvouvali/.mlir-python311/bin/python /home/elvouvali/MailoHLS/GNN_branch/mlir_graph_gen.py /home/elvouvali/MailoHLS/Data/ApplicationDataset/rodinia_lc_mgvf_0_baseline_0/lc_mgvf.cpp --output /home/elvouvali/MailoHLS/GNN_branch/MLIR_graphs/.rodinia_lc_mgvf_0_baseline_0.gexf.tmp --cgeist /home/elvouvali/tools/Polygeist/build-mailohls-assertions/bin/cgeist --mlir-output /home/elvouvali/MailoHLS/GNN_branch/MLIR_graphs/audit_mlir/.rodinia_lc_mgvf_0_baseline_0.mlir.tmp
rodinia_lud_1_tiling_0,generated,/home/elvouvali/MailoHLS/Data/ApplicationDataset/rodinia_lud_1_tiling_0/lud.cpp,/home/elvouvali/MailoHLS/GNN_branch/MLIR_graphs/rodinia_lud_1_tiling_0.gexf,4.131,"1354 nodes, 5088 edges, 46 actions",/home/elvouvali/.mlir-python311/bin/python /home/elvouvali/MailoHLS/GNN_branch/mlir_graph_gen.py /home/elvouvali/MailoHLS/Data/ApplicationDataset/rodinia_lud_1_tiling_0/lud.cpp --output /home/elvouvali/MailoHLS/GNN_branch/MLIR_graphs/.rodinia_lud_1_tiling_0.gexf.tmp --cgeist /home/elvouvali/tools/Polygeist/build-mailohls-assertions/bin/cgeist --mlir-output /home/elvouvali/MailoHLS/GNN_branch/MLIR_graphs/audit_mlir/.rodinia_lud_1_tiling_0.mlir.tmp
rodinia_pathfinder_0_baseline_0,generated,/home/elvouvali/MailoHLS/Data/ApplicationDataset/rodinia_pathfinder_0_baseline_0/pathfinder.cpp,/home/elvouvali/MailoHLS/GNN_branch/MLIR_graphs/rodinia_pathfinder_0_baseline_0.gexf,1.418,"199 nodes, 754 edges, 4 actions",/home/elvouvali/.mlir-python311/bin/python /home/elvouvali/MailoHLS/GNN_branch/mlir_graph_gen.py /home/elvouvali/MailoHLS/Data/ApplicationDataset/rodinia_pathfinder_0_baseline_0/pathfinder.cpp --output /home/elvouvali/MailoHLS/GNN_branch/MLIR_graphs/.rodinia_pathfinder_0_baseline_0.gexf.tmp --cgeist /home/elvouvali/tools/Polygeist/build-mailohls-assertions/bin/cgeist --mlir-output /home/elvouvali/MailoHLS/GNN_branch/MLIR_graphs/audit_mlir/.rodinia_pathfinder_0_baseline_0.mlir.tmp
rodinia_pathfinder_4_doublebuffer_0,generated,/home/elvouvali/MailoHLS/Data/ApplicationDataset/rodinia_pathfinder_4_doublebuffer_0/pathfinder.cpp,/home/elvouvali/MailoHLS/GNN_branch/MLIR_graphs/rodinia_pathfinder_4_doublebuffer_0.gexf,1.636,"424 nodes, 1634 edges, 8 actions",/home/elvouvali/.mlir-python311/bin/python /home/elvouvali/MailoHLS/GNN_branch/mlir_graph_gen.py /home/elvouvali/MailoHLS/Data/ApplicationDataset/rodinia_pathfinder_4_doublebuffer_0/pathfinder.cpp --output /home/elvouvali/MailoHLS/GNN_branch/MLIR_graphs/.rodinia_pathfinder_4_doublebuffer_0.gexf.tmp --cgeist /home/elvouvali/tools/Polygeist/build-mailohls-assertions/bin/cgeist --mlir-output /home/elvouvali/MailoHLS/GNN_branch/MLIR_graphs/audit_mlir/.rodinia_pathfinder_4_doublebuffer_0.mlir.tmp
rodinia_streamcluster_0_baseline_0,generated,/home/elvouvali/MailoHLS/Data/ApplicationDataset/rodinia_streamcluster_0_baseline_0/streamcluster.cpp,/home/elvouvali/MailoHLS/GNN_branch/MLIR_graphs/rodinia_streamcluster_0_baseline_0.gexf,1.272,"114 nodes, 405 edges, 2 actions",/home/elvouvali/.mlir-python311/bin/python /home/elvouvali/MailoHLS/GNN_branch/mlir_graph_gen.py /home/elvouvali/MailoHLS/Data/ApplicationDataset/rodinia_streamcluster_0_baseline_0/streamcluster.cpp --output /home/elvouvali/MailoHLS/GNN_branch/MLIR_graphs/.rodinia_streamcluster_0_baseline_0.gexf.tmp --cgeist /home/elvouvali/tools/Polygeist/build-mailohls-assertions/bin/cgeist --mlir-output /home/elvouvali/MailoHLS/GNN_branch/MLIR_graphs/audit_mlir/.rodinia_streamcluster_0_baseline_0.mlir.tmp
rodinia_streamcluster_1_tiling_0,generated,/home/elvouvali/MailoHLS/Data/ApplicationDataset/rodinia_streamcluster_1_tiling_0/streamcluster.cpp,/home/elvouvali/MailoHLS/GNN_branch/MLIR_graphs/rodinia_streamcluster_1_tiling_0.gexf,1.809,"636 nodes, 2359 edges, 14 actions",/home/elvouvali/.mlir-python311/bin/python /home/elvouvali/MailoHLS/GNN_branch/mlir_graph_gen.py /home/elvouvali/MailoHLS/Data/ApplicationDataset/rodinia_streamcluster_1_tiling_0/streamcluster.cpp --output /home/elvouvali/MailoHLS/GNN_branch/MLIR_graphs/.rodinia_streamcluster_1_tiling_0.gexf.tmp --cgeist /home/elvouvali/tools/Polygeist/build-mailohls-assertions/bin/cgeist --mlir-output /home/elvouvali/MailoHLS/GNN_branch/MLIR_graphs/audit_mlir/.rodinia_streamcluster_1_tiling_0.mlir.tmp
rodinia_streamcluster_2_pipeline_1,generated,/home/elvouvali/MailoHLS/Data/ApplicationDataset/rodinia_streamcluster_2_pipeline_1/streamcluster.cpp,/home/elvouvali/MailoHLS/GNN_branch/MLIR_graphs/rodinia_streamcluster_2_pipeline_1.gexf,1.876,"636 nodes, 2359 edges, 14 actions",/home/elvouvali/.mlir-python311/bin/python /home/elvouvali/MailoHLS/GNN_branch/mlir_graph_gen.py /home/elvouvali/MailoHLS/Data/ApplicationDataset/rodinia_streamcluster_2_pipeline_1/streamcluster.cpp --output /home/elvouvali/MailoHLS/GNN_branch/MLIR_graphs/.rodinia_streamcluster_2_pipeline_1.gexf.tmp --cgeist /home/elvouvali/tools/Polygeist/build-mailohls-assertions/bin/cgeist --mlir-output /home/elvouvali/MailoHLS/GNN_branch/MLIR_graphs/audit_mlir/.rodinia_streamcluster_2_pipeline_1.mlir.tmp
rodinia_streamcluster_3_doublebuffer_0,generated,/home/elvouvali/MailoHLS/Data/ApplicationDataset/rodinia_streamcluster_3_doublebuffer_0/streamcluster.cpp,/home/elvouvali/MailoHLS/GNN_branch/MLIR_graphs/rodinia_streamcluster_3_doublebuffer_0.gexf,2.089,"841 nodes, 3188 edges, 18 actions",/home/elvouvali/.mlir-python311/bin/python /home/elvouvali/MailoHLS/GNN_branch/mlir_graph_gen.py /home/elvouvali/MailoHLS/Data/ApplicationDataset/rodinia_streamcluster_3_doublebuffer_0/streamcluster.cpp --output /home/elvouvali/MailoHLS/GNN_branch/MLIR_graphs/.rodinia_streamcluster_3_doublebuffer_0.gexf.tmp --cgeist /home/elvouvali/tools/Polygeist/build-mailohls-assertions/bin/cgeist --mlir-output /home/elvouvali/MailoHLS/GNN_branch/MLIR_graphs/audit_mlir/.rodinia_streamcluster_3_doublebuffer_0.mlir.tmp
rodinia_streamcluster_4_coalescing_0,generated,/home/elvouvali/MailoHLS/Data/ApplicationDataset/rodinia_streamcluster_4_coalescing_0/streamcluster.cpp,/home/elvouvali/MailoHLS/GNN_branch/MLIR_graphs/rodinia_streamcluster_4_coalescing_0.gexf,2.279,"945 nodes, 3587 edges, 18 actions",/home/elvouvali/.mlir-python311/bin/python /home/elvouvali/MailoHLS/GNN_branch/mlir_graph_gen.py /home/elvouvali/MailoHLS/Data/ApplicationDataset/rodinia_streamcluster_4_coalescing_0/streamcluster.cpp --output /home/elvouvali/MailoHLS/GNN_branch/MLIR_graphs/.rodinia_streamcluster_4_coalescing_0.gexf.tmp --cgeist /home/elvouvali/tools/Polygeist/build-mailohls-assertions/bin/cgeist --mlir-output /home/elvouvali/MailoHLS/GNN_branch/MLIR_graphs/audit_mlir/.rodinia_streamcluster_4_coalescing_0.mlir.tmp
serrano-kalman-filter,generated,/home/elvouvali/MailoHLS/Data/ApplicationDataset/serrano-kalman-filter/kernel.cpp,/home/elvouvali/MailoHLS/GNN_branch/MLIR_graphs/serrano-kalman-filter.gexf,1.804,"520 nodes, 1951 edges, 11 actions",/home/elvouvali/.mlir-python311/bin/python /home/elvouvali/MailoHLS/GNN_branch/mlir_graph_gen.py /home/elvouvali/MailoHLS/Data/ApplicationDataset/serrano-kalman-filter/kernel.cpp --output /home/elvouvali/MailoHLS/GNN_branch/MLIR_graphs/.serrano-kalman-filter.gexf.tmp --cgeist /home/elvouvali/tools/Polygeist/build-mailohls-assertions/bin/cgeist --mlir-output /home/elvouvali/MailoHLS/GNN_branch/MLIR_graphs/audit_mlir/.serrano-kalman-filter.mlir.tmp
spcl_example_00,generated,/home/elvouvali/MailoHLS/Data/ApplicationDataset/spcl_example_00/Example0.cpp,/home/elvouvali/MailoHLS/GNN_branch/MLIR_graphs/spcl_example_00.gexf,1.170,"36 nodes, 122 edges, 1 actions",/home/elvouvali/.mlir-python311/bin/python /home/elvouvali/MailoHLS/GNN_branch/mlir_graph_gen.py /home/elvouvali/MailoHLS/Data/ApplicationDataset/spcl_example_00/Example0.cpp --output /home/elvouvali/MailoHLS/GNN_branch/MLIR_graphs/.spcl_example_00.gexf.tmp --cgeist /home/elvouvali/tools/Polygeist/build-mailohls-assertions/bin/cgeist --mlir-output /home/elvouvali/MailoHLS/GNN_branch/MLIR_graphs/audit_mlir/.spcl_example_00.mlir.tmp
spcl_example_01,generated,/home/elvouvali/MailoHLS/Data/ApplicationDataset/spcl_example_01/Example1_Pipelined.cpp,/home/elvouvali/MailoHLS/GNN_branch/MLIR_graphs/spcl_example_01.gexf,1.182,"54 nodes, 195 edges, 1 actions",/home/elvouvali/.mlir-python311/bin/python /home/elvouvali/MailoHLS/GNN_branch/mlir_graph_gen.py /home/elvouvali/MailoHLS/Data/ApplicationDataset/spcl_example_01/Example1_Pipelined.cpp --output /home/elvouvali/MailoHLS/GNN_branch/MLIR_graphs/.spcl_example_01.gexf.tmp --cgeist /home/elvouvali/tools/Polygeist/build-mailohls-assertions/bin/cgeist --mlir-output /home/elvouvali/MailoHLS/GNN_branch/MLIR_graphs/audit_mlir/.spcl_example_01.mlir.tmp
spcl_example_03,generated,/home/elvouvali/MailoHLS/Data/ApplicationDataset/spcl_example_03/Example3.cpp,/home/elvouvali/MailoHLS/GNN_branch/MLIR_graphs/spcl_example_03.gexf,1.218,"83 nodes, 307 edges, 6 actions",/home/elvouvali/.mlir-python311/bin/python /home/elvouvali/MailoHLS/GNN_branch/mlir_graph_gen.py /home/elvouvali/MailoHLS/Data/ApplicationDataset/spcl_example_03/Example3.cpp --output /home/elvouvali/MailoHLS/GNN_branch/MLIR_graphs/.spcl_example_03.gexf.tmp --cgeist /home/elvouvali/tools/Polygeist/build-mailohls-assertions/bin/cgeist --mlir-output /home/elvouvali/MailoHLS/GNN_branch/MLIR_graphs/audit_mlir/.spcl_example_03.mlir.tmp
spcl_example_05,generated,/home/elvouvali/MailoHLS/Data/ApplicationDataset/spcl_example_05/Example5_Reordered.cpp,/home/elvouvali/MailoHLS/GNN_branch/MLIR_graphs/spcl_example_05.gexf,1.188,"78 nodes, 284 edges, 5 actions",/home/elvouvali/.mlir-python311/bin/python /home/elvouvali/MailoHLS/GNN_branch/mlir_graph_gen.py /home/elvouvali/MailoHLS/Data/ApplicationDataset/spcl_example_05/Example5_Reordered.cpp --output /home/elvouvali/MailoHLS/GNN_branch/MLIR_graphs/.spcl_example_05.gexf.tmp --cgeist /home/elvouvali/tools/Polygeist/build-mailohls-assertions/bin/cgeist --mlir-output /home/elvouvali/MailoHLS/GNN_branch/MLIR_graphs/audit_mlir/.spcl_example_05.mlir.tmp
